name,address,city,state,country
Happy Paws Rescue,123 Maple St,Los Angeles,California,USA
Furry Friends Haven,456 Oak St,New York,New York,USA
Pawfect Adoption Center,789 Pine St,Chicago,Illinois,USA
Tail Waggers Shelter,321 Bark Ave,Miami,Florida,USA
Big Paws Rescue,654 Fetch Blvd,Dallas,Texas,USA
Loving Paws Adoption,876 Pup Lane,Denver,Colorado,USA
Forever Home Dogs,555 Rescue Rd,Seattle,Washington,USA
Lucky Dog Haven,999 Woof St,Atlanta,Georgia,USA
Safe Haven for Pups,222 Barking Ave,San Francisco,California,USA
Paws & Claws Rescue,777 Furball Rd,Boston,Massachusetts,USA
Hound Haven,145 Retriever St,Houston,Texas,USA
Best Friends Shelter,345 Dogwood Ln,Phoenix,Arizona,USA
Adopt A Pup,567 Goodboy St,Las Vegas,Nevada,USA
Gentle Paws Rescue,789 Kindness Ln,Portland,Oregon,USA
Second Chance Dogs,111 Hope St,Minneapolis,Minnesota,USA
Cuddle Paws Shelter,222 Fluff Ave,San Diego,California,USA
Rescue Me Dog Haven,333 Love St,Austin,Texas,USA
Hearts & Paws Adoption,444 Guardian Rd,Philadelphia,Pennsylvania,USA
Woof Woof Adoption Center,555 Ruff Rd,Charlotte,North Carolina,USA
Faithful Friends Rescue,666 Loyal St,San Antonio,Texas,USA
Golden Paws Haven,777 Retriever Ave,Sacramento,California,USA
Cozy Kennels Shelter,888 Warmth St,Salt Lake City,Utah,USA
Pup Paradise Adoption,999 Heaven Ave,Nashville,Tennessee,USA
Barky Bunch Rescue,123 Tail St,Indianapolis,Indiana,USA
Safe Haven Adoptions,234 Home St,Detroit,Michigan,USA
Happy Tails Shelter,345 Rescue St,Omaha,Nebraska,USA
Puppy Love Haven,456 Adore Ln,St. Louis,Missouri,USA
New Leash on Life,567 Renewal Rd,Louisville,Kentucky,USA
Forever Friends Rescue,678 Forever Ln,Jacksonville,Florida,USA
Faithful Paws Adoption,789 Loyalty Ave,Raleigh,North Carolina,USA
Lend a Paw Rescue,890 Helping St,Memphis,Tennessee,USA
Fluffy Friends Adoption,901 Soft Ave,Columbus,Ohio,USA
No More Lonely Paws,101 Love Rd,Milwaukee,Wisconsin,USA
Paw Prints Rescue,202 Compassion Ln,Kansas City,Missouri,USA
Tail Wagging Haven,303 Joy St,Oklahoma City,Oklahoma,USA
All Paws Matter,404 Care Blvd,Albuquerque,New Mexico,USA
Hopeful Hounds,505 Wishful Ln,Richmond,Virginia,USA
Happy Homes Adoption,606 Comfort Rd,Tucson,Arizona,USA
Faithful Companions Rescue,707 Forever Home St,Honolulu,Hawaii,USA
Bark Buddies Shelter,808 Bestfriend Ln,Des Moines,Iowa,USA
Loyal Hearts Adoption,909 Dedicated Rd,Anchorage,Alaska,USA
Paw-sitive Adoption Center,111 Optimism St,Boise,Idaho,USA
Guardian Angels for Dogs,222 Safety Ave,Providence,Rhode Island,USA
Caring Paws Haven,333 Nurture Ln,Montpelier,Vermont,USA
Furry Future Shelter,444 Destiny Rd,Hartford,Connecticut,USA
Dreamy Paws Rescue,555 Peaceful St,Dover,Delaware,USA
Brave Hearts Adoption,666 Courage Rd,Charleston,West Virginia,USA
Love & Paws Adoption,777 Harmony Ln,Little Rock,Arkansas,USA
Companion Haven,888 Friendship St,Bismarck,North Dakota,USA
Fur-ever Friends Shelter,999 Bonding Ave,Cheyenne,Wyoming,USA
